{"cameraMode":{"drawMode":0,"name":"Shaded","section":"Shading Mode"},"sceneLighting":true,"audioPlay":false,"sceneViewState":{"m_AlwaysRefresh":false,"showFog":true,"showSkybox":true,"showFlares":true,"showImageEffects":true,"showParticleSystems":true,"showVisualEffectGraphs":true,"m_FxEnabled":true},"in2DMode":false,"pivot":{"x":-0.23042058944702149,"y":1.3221697807312012,"z":0.3698406219482422},"rotation":{"x":-0.05177564546465874,"y":0.8615657687187195,"z":-0.08976110816001892,"w":-0.49696579575538638},"size":2.0820508003234865,"orthographic":false}